CountryCode;Names.Name.@LanguageCode;Names.Name.$
AD;EN;Andorra
AE;EN;United Arab Emirates
AF;EN;Afghanistan
AG;EN;Antigua And Barbuda, Leeward Islands
AI;EN;Anguilla, Leeward Islands
AL;EN;Albania
AM;EN;Armenia
AO;EN;Angola
AQ;EN;Antarctica
AR;EN;Argentina
AS;EN;American Samoa
AT;EN;Austria
AU;EN;Australia
AW;EN;Aruba
AZ;EN;Azerbaijan
BA;EN;Bosnia And Herzegovina
BB;EN;Barbados
BD;EN;Bangladesh
BE;EN;Belgium
BF;EN;Burkina Faso
BG;EN;Bulgaria
BH;EN;Bahrain
BI;EN;Burundi
BJ;EN;Benin
BL;EN;Saint Barthelemy
BM;EN;Bermuda
BN;EN;Brunei Darussalam
BO;EN;Bolivia
BQ;EN;Bonaire, Saint Eustatius And Saba
BR;EN;Brazil
BS;EN;Bahamas
BT;EN;Bhutan
BW;EN;Botswana
BY;EN;Belarus
BZ;EN;Belize
CA;EN;Canada
CC;EN;Cocos (Keeling) Islands
CD;EN;Congo Democratic Republic Of
CF;EN;Central African Republic
CG;EN;Congo
CH;EN;Switzerland
CI;EN;Cote D'ivoire
CK;EN;Cook Islands
CL;EN;Chile
CM;EN;Cameroon
CN;EN;China
CO;EN;Colombia
CR;EN;Costa Rica
CU;EN;Cuba
CV;EN;Cape Verde
CW;EN;Curacao
CX;EN;Christmas Island, Indian Ocean
CY;EN;Cyprus
CZ;EN;Czech Republic
DE;EN;Germany
DJ;EN;Djibouti
DK;EN;Denmark
DM;EN;Dominica
DO;EN;Dominican Republic
DZ;EN;Algeria
EC;EN;Ecuador
EE;EN;Estonia
EG;EN;Egypt
ER;EN;Eritrea
ES;EN;Spain
ET;EN;Ethiopia
FI;EN;Finland
FJ;EN;Fiji
FK;EN;Falkland Islands
FM;EN;Micronesia Federated States Of
FO;EN;Faroe Islands
FR;EN;France
GA;EN;Gabon
GB;EN;United Kingdom
GD;EN;Grenada, Windward Islands
GE;EN;Georgia
GF;EN;French Guiana
GH;EN;Ghana
GI;EN;Gibraltar
GL;EN;Greenland
GM;EN;Gambia
GN;EN;Guinea
GP;EN;Guadeloupe
GQ;EN;Equatorial Guinea
GR;EN;Greece
GT;EN;Guatemala
GU;EN;Guam
GW;EN;Guinea-Bissau
GY;EN;Guyana
HK;EN;Hong Kong
HN;EN;Honduras
HR;EN;Croatia
HT;EN;Haiti
HU;EN;Hungary
ID;EN;Indonesia
IE;EN;Ireland Republic Of
IL;EN;Israel
IN;EN;India
IQ;EN;Iraq
IR;EN;Iran Islamic Republic Of
IR;EN;Iran Islamic Republic Of
IS;EN;Iceland
IT;EN;Italy
JM;EN;Jamaica
JO;EN;Jordan
JP;EN;Japan
KE;EN;Kenya
KG;EN;Kyrgyzstan
KH;EN;Cambodia
KI;EN;Kiribati
KM;EN;Comoros
KN;EN;Saint Kitts And Nevis, Leeward Island
KP;EN;Korea Democratic People's Republic Of
KR;EN;Korea Republic Of
KW;EN;Kuwait
KY;EN;Cayman Islands
KZ;EN;Kazakhstan
LA;EN;Lao People's Democratic Republic
LB;EN;Lebanon
LC;EN;Saint Lucia
LI;EN;Liechtenstein
LK;EN;Sri Lanka
LR;EN;Liberia
LS;EN;Lesotho
LT;EN;Lithuania
LU;EN;Luxembourg
LV;EN;Latvia
LY;EN;Libya
MA;EN;Morocco
MC;EN;Monaco
MD;EN;Moldova Republic Of
ME;EN;Montenegro
MF;EN;Saint Martin
MG;EN;Madagascar
MH;EN;Marshall Islands
MK;EN;North Macedonia 
ML;EN;Mali
MM;EN;Myanmar
MN;EN;Mongolia
MO;EN;Macau
MP;EN;Northern Mariana Islands
MQ;EN;Martinique
MR;EN;Mauritania
MS;EN;Montserrat, Leeward Islands
MT;EN;Malta
MU;EN;Mauritius
MV;EN;Maldives
MW;EN;Malawi
MX;EN;Mexico
MY;EN;Malaysia
MZ;EN;Mozambique
NA;EN;Namibia
NC;EN;New Caledonia
NE;EN;Niger
NF;EN;Norfolk Island
NG;EN;Nigeria
NI;EN;Nicaragua
NL;EN;Netherlands
NO;EN;Norway
NP;EN;Nepal
NR;EN;Nauru
NU;EN;Niue
NZ;EN;New Zealand
OM;EN;Oman
PA;EN;Panama
PE;EN;Peru
PF;EN;French Polynesia
PG;EN;Papua New Guinea
PH;EN;Philippines
PK;EN;Pakistan
PL;EN;Poland
PM;EN;Saint Pierre And Miquelon
PN;EN;Pitcairn Islands
PR;EN;Puerto Rico
PS;EN;Palestine
PT;EN;Portugal
PW;EN;Palau
PY;EN;Paraguay
QA;EN;Qatar
RE;EN;Reunion
RO;EN;Romania
RS;EN;Serbia
RU;EN;Russian Federation
RW;EN;Rwanda
SA;EN;Saudi Arabia
SB;EN;Solomon Islands
SC;EN;Seychelles
SD;EN;Sudan
SE;EN;Sweden
SG;EN;Singapore
SH;EN;Saint Helena
SI;EN;Slovenia
SK;EN;Slovakia
SL;EN;Sierra Leone
SM;EN;San Marino
SN;EN;Senegal
SO;EN;Somalia
SR;EN;Suriname
SS;EN;South Sudan
ST;EN;Sao Tome And Principe
SV;EN;El Salvador
SX;EN;St Maarten (Dutch Part)
SY;EN;Syrian Arab Republic
SZ;EN;Eswatini
TC;EN;Turks And Caicos Islands
TD;EN;Chad
TG;EN;Togo
TH;EN;Thailand
TJ;EN;Tajikistan
TL;EN;Timor-Leste
TM;EN;Turkmenistan
TN;EN;Tunisia
TO;EN;Tonga
TR;EN;Turkey
TT;EN;Trinidad And Tobago
TV;EN;Tuvalu
TW;EN;Chinese Taipei
TZ;EN;Tanzania United Republic Of
UA;EN;Ukraine
UG;EN;Uganda
UM;EN;United States Minor Outlying Islands
US;EN;United States Of America
UY;EN;Uruguay
UZ;EN;Uzbekistan
VC;EN;St Vincent And The Grenadines
VE;EN;Venezuela
VG;EN;Virgin Islands, British
VI;EN;Virgin Islands, Us
VN;EN;Viet Nam
VU;EN;Vanuatu
WF;EN;Wallis And Futuna Islands
WS;EN;Samoa
XK;EN;Kosovo Republic Of
XX;EN;Dummy Country
YE;EN;Yemen
YT;EN;Mayotte
ZA;EN;South Africa
ZM;EN;Zambia
ZW;EN;Zimbabwe
